Date,Beras Cap Anak Daro,Beras Cap Pandan Wangi,Beras Cap Belida,Beras Cap Mundam,Beras Cap Bulog/Dolog,Beras Cap Sokan,Beras Cap Anak Daro Payakumbuh,Beras Cap Anak Daro Solok,Beras Cap Topi Koki,Gula Pasir Kristal Putih plastik (1 kg) Lain- lain,Minyak Goreng Curah Plastik (1 lt)  Tanpa Merek,Minyak Goreng Kemasan Premium (1 lt),Minyak Goreng Kemasan Sederhana (1 lt),Minyak Goreng Kemasan Plastik (1 lt)  Bimoli Kl,Minyak Goreng MINYAKITA (1 lt),Daging Sapi Lokal Daging Paha depan (chuck) (1,Daging Sapi Lokal Paha Belakang (1 Kg),Daging Sapi Lokal Daging Has luar (Sirloin) (1,Daging Sapi Lokal Daging Sandung lamur (Brisket,Daging Sapi Lokal Daging tetelan (1 kg),Daging Sapi Lokal Daging Has Dalam (Tenderloin) (1 Kg),Daging Ayam Broiler/Ras utuh 1 Kg,Daging Ayam Kampung utuh 1 Kg,Telur Ayam Negeri 1 kg,Telur Ayam Kampung 1 kg,Susukental ManisLokalFrisian FlagFrisian Flag,Susukental ManisLokalIndomilkIndomilk plain38,Jagung Lokal 1 kg Pipilan,Tepung Terigu Eceran (1 kg) Protein Ti,Tepung Terigu Eceran (1 kg) Protein Sedang,Kedelai kuning plastik (1 kg) Import,Tempe bungkus (1 kg),Tahu mentah putih kg,Cabe Merah Keriting 1 Kg,Cabe Rawit Hijau 1 Kg,Bawang Merah Lokal 1 Kg,Bawang Putih Impor Honan 1 Kg,Ikan Laut Kembung 1 Kg,Ikan Laut Teri 1 Kg,Ikan Laut Tongkol 1 Kg,Ikan Laut Tuna 1 Kg,Ikan Payau Bandeng 1 Kg,Ikan Laut Cakalang 1 Kg,Garam Halus Yodium 1 kg,Mie Instan Indofood Indomie Kuah Kari Ayam 1 bks,Kacang-Kacangan Kacang Tanah 1 kg,Kacang-Kacangan Kacang Hijau 1 kg,Ketela Pohon Manis Mentega 1 kg,Pisang Ambon kg,Jeruk lokal kg,Udang basah ukuran sedang kg
6/25/2023,14625,14500,12000,13000,9800,13000,13750,,12000,13000,12000,13000,11750,,,120000,120000,120000,120000,45000,120000,28750,39500,25600,32500,10000,10000,6000,8000,7000,24000,,,34500,33750,31500,34000,87000,120000,35000,,30000,10000,5250,14750,23500,11500,,,,
6/26/2023,14625,14500,12000,13000,9800,13000,13800,,12000,13275,12300,13000,11650,,,120000,120000,120000,120000,45000,120000,28900,39500,25600,27000,10000,10000,6000,8000,7000,25100,,,37800,36000,32300,34000,86500,120000,35000,,31000,10000,5250,13550,23000,11500,,,,
6/27/2023,14625,14500,12000,13000,9800,13000,14000,,12000,14000,13250,13000,11500,,,120000,120000,120000,120000,45000,120000,28400,39500,25600,27000,10000,10000,6000,8000,7000,24100,,,36000,34300,33600,34400,86500,120000,35000,,30000,10000,5250,13250,23200,11500,,,,
6/28/2023,14625,14500,12000,13000,9800,12600,14000,,12000,14000,13250,13050,11500,,,120000,120000,120000,120000,45000,120000,28000,39500,25600,27000,10000,10000,6000,8000,7000,23100,,,34300,34500,34100,35000,86100,120000,35000,,31000,10000,5250,13250,23000,11500,,,,
6/29/2023,14625,14500,12000,13000,9800,13000,14000,,12000,14000,13250,13000,11500,,,120000,120000,120000,120000,45000,120000,27000,39500,25600,28100,10050,10050,6000,8000,7000,22400,,,35600,34200,32200,35600,87500,120000,35000,,31000,10000,5250,13250,23000,11500,,,,
6/30/2023,14617,14500,11833,12833,9800,12650,13833,,11833,14000,13133,13067,11333,,,120000,120000,120000,120000,46667,120000,26000,44667,24300,32667,10000,10000,6500,8667,7500,19533,,,37400,33467,35667,44333,69867,120000,29400,35000,30000,20000,6167,9667,21333,14000,2500,,,
7/1/2023,14583,14500,11833,12833,9800,12650,13833,,11833,14000,13000,13000,11333,,,120000,120000,120000,120000,45333,120000,26333,44667,23660,34133,10000,10000,6500,8667,7500,19667,,,37467,31600,35267,43800,69333,120500,30000,35000,30000,20000,6167,9667,21333,14000,2500,,,
7/2/2023,14583,14500,11833,12833,9720,12650,13833,,11833,14067,12967,13000,11333,,,120000,120000,120000,120000,43333,120000,26000,44667,23500,31333,10000,10000,6500,8667,7500,19933,,,39733,34267,31800,38067,68933,122500,30000,35000,30000,20000,6167,9667,21333,14000,2500,,,
7/3/2023,14583,14500,11833,12833,9720,12750,13833,,11833,14200,13000,13000,11333,,,120000,120000,120000,120000,43333,120000,25867,44667,23600,32667,10000,10000,6500,8667,7500,22067,,,44267,34733,30600,36667,68867,122500,30000,35000,30000,20000,6167,9667,21333,14267,2500,,,
7/4/2023,14583,14500,11833,12833,9700,12750,13833,,11833,14533,12833,13000,11367,,,120000,120000,120000,120000,43333,120000,25333,44667,23500,32667,10000,10000,6500,8667,7700,19400,,,36333,33400,30333,36667,68333,122000,30000,35100,30000,20667,6167,9667,21467,14000,2500,,,
7/5/2023,14567,14500,11833,12833,9700,12750,13833,,11833,16200,12767,13000,11333,,,120000,120000,120000,120000,45333,120000,25333,44667,23500,32667,10000,10000,6500,8667,7600,19000,,,37133,33400,30333,36667,68667,122000,30600,36000,30000,20000,6167,9667,21667,14000,2500,,,
7/6/2023,14583,14500,11833,12833,9700,12750,13833,,11833,16633,12500,13000,11333,,,120000,120000,120000,120000,46667,120000,25333,44667,23500,33400,10000,10000,6500,8667,7500,17867,,,31667,31067,31400,36400,68333,121500,30900,36500,29800,20000,6167,9667,21667,14000,2500,,,
7/7/2023,14563,14500,11833,12833,9700,12750,13833,,11833,17417,12167,13000,11500,,,120000,120000,120000,120000,46667,120000,25333,44667,23500,33583,10000,10000,6500,8667,7500,16833,,,29167,29250,31333,36167,68667,121250,30125,36250,29750,20000,6167,9667,21917,14083,2500,,,
7/8/2023,14583,14500,11833,12833,9700,12750,13833,,11833,18000,11333,13000,11533,,,120000,120000,120000,120000,46667,120000,24667,44667,23500,33400,10000,10000,6500,8667,7500,16333,,,27733,29233,35800,38533,69133,124000,31100,36500,30000,20000,6167,9667,23133,15333,2500,,,
7/9/2023,14583,14500,11833,12833,9700,12750,13833,,11833,18000,11250,12917,11333,,,120000,120000,120000,120000,46667,120000,22750,44667,23500,31917,10000,10000,6500,8667,7625,14958,,,25167,29417,35917,37750,69167,124375,30875,36125,30000,20000,6167,9667,23000,15333,2625,,,
7/10/2023,14583,14500,11833,12833,9700,12750,13833,,11833,18000,11467,13000,11333,,,120000,120000,120000,120000,46667,120000,20933,44667,23500,32667,10000,10000,6500,8667,7500,14000,,,21667,26733,36200,36800,68933,125000,30100,35600,30000,20000,6167,9667,23867,16133,2900,,,
7/11/2023,14600,14500,11833,12833,9700,12750,13833,,11833,18000,11500,13000,11333,,,120000,120000,120000,120000,46667,120000,19333,44667,23500,32667,10000,10000,6500,8667,7500,14000,,,22267,25933,38133,32933,69133,125000,30300,35700,30000,20000,6167,9667,24400,16800,3000,,,
7/12/2023,14583,14500,11833,12833,9700,12750,13833,,11833,18000,11467,13000,11333,,,120000,120000,120000,120000,46667,120000,19533,44667,23500,32667,10000,10000,6500,8667,7500,13750,,,22200,32500,44500,32900,69333,125000,30000,35375,30000,20000,6167,9667,24667,17333,3000,,,
7/13/2023,14583,14500,11833,12833,9700,12750,13833,,11833,17742,11500,13000,11333,,,120000,120000,120000,120000,46667,120000,19333,44667,23500,32667,10000,10000,6500,8667,7500,13000,,,23333,33400,44533,30700,69333,125000,30750,36125,30000,20000,6167,9667,24667,16833,3000,,,
7/14/2023,14583,14500,11833,12833,9700,12750,13833,,11833,17133,11433,13000,11400,,,120000,120000,120000,120000,49333,120000,22667,44667,23500,32667,10000,10000,6500,8667,7500,14200,,,19867,33467,44067,30067,69133,125000,30300,35300,30000,20000,6167,10733,25667,16800,3000,,,
7/15/2023,14583,14500,11833,12833,9700,12750,13833,,11833,15967,11167,13000,11333,,,121333,121333,121333,121333,50667,121333,26200,45000,23500,32667,10000,10000,6500,8667,7500,13533,,,21600,32333,43967,28467,69333,125000,31500,36200,30000,20000,6167,11000,26133,16800,3000,,,
7/16/2023,14583,14500,11833,12833,9700,12750,13833,,11833,15308,11067,13000,11333,,,124833,124833,124833,124556,52333,124833,29600,45900,23500,33583,10000,10000,6500,8667,7500,15083,,,22167,33708,43250,27467,69333,125000,31500,35375,30000,20000,6167,10750,26500,16800,3000,,,
7/17/2023,14563,14500,11867,12833,9700,12750,13833,,11833,14333,10667,13000,11250,,,120000,120000,120000,120000,50000,120000,33000,46333,23500,32667,10000,10000,6500,8667,7500,13667,,,21467,31950,42200,26267,69333,125000,31500,36500,30000,20000,6167,11000,26667,16667,3000,,,
7/18/2023,14583,14500,11833,12833,9700,12750,13833,,11833,14333,10667,13000,11333,,,120000,120000,120000,120000,49333,120000,32767,46333,23500,32667,10000,10000,6500,8667,7500,13267,,,21467,33733,38933,25333,69333,125000,31200,36200,30000,20000,6167,11000,26667,16667,3000,,,
7/19/2023,14583,14500,11833,12833,9680,12750,13833,,11833,14100,10667,13000,11333,,,120000,120000,120000,120000,48667,120000,30533,45800,23500,33600,10000,10000,6500,8667,7500,13267,,,20067,26000,29000,25400,70000,125000,30300,35000,30000,20000,6167,11000,26267,17067,3000,,,
7/20/2023,14550,14450,11833,12833,9700,12750,13833,,11833,13833,10667,13000,11333,,,120000,120000,120000,120000,50000,120000,28600,44667,23500,32667,10000,10000,6500,8667,7500,13267,,,20300,25400,27067,24600,70000,125000,30900,35000,30000,20000,6200,11000,25733,17067,3000,,,
7/21/2023,14533,14500,11733,12833,9700,12750,13733,,11767,13733,10550,13000,11333,,,120000,120000,120000,120000,50000,120000,26733,44667,23500,32667,10000,10000,6500,8867,7800,13133,,,21067,25933,27067,23800,70000,125000,31500,36700,30000,20000,6167,11000,25667,17000,3000,,,
7/22/2023,14500,14500,11667,12833,9700,12750,13667,,11833,13567,10333,13000,11333,,,120000,120000,120000,120000,50000,120000,26733,44667,23500,32667,10000,10000,6500,9000,8000,12667,,,24400,28667,24233,23667,70000,125000,32100,36400,30000,20000,6167,11000,25467,17133,3000,,,
7/23/2023,14500,14500,11667,12833,9700,12750,13667,,11833,13500,10333,13000,11333,,,120000,120000,120000,120000,50000,120000,25600,44667,23500,32667,10000,10000,6500,9000,8000,14167,,,26600,28133,23767,23800,70133,126000,31000,37400,30000,20000,6167,10467,25333,17067,3000,,,
7/24/2023,14500,14500,11667,12833,9700,12750,13667,,11833,13233,10433,13000,11333,,,120000,120000,120000,120000,50000,120000,24267,44667,23660,32667,10000,10000,6500,9000,8000,15200,,,25367,24967,20833,23500,70000,125000,31700,37300,30000,20000,6167,10333,24933,16867,3000,,,
7/25/2023,14500,14500,11667,12833,9700,12750,13667,,11833,13000,10833,13000,11292,,,120000,120000,120000,120000,50000,120000,25100,44667,24538,34500,10000,10000,6500,9000,8000,15917,,,27108,24250,20100,22975,69767,125000,31575,35475,29625,20800,6167,10500,24333,16200,3000,,,
7/26/2023,14500,14500,11667,12833,9700,12750,13667,,11833,12833,10940,12933,11333,,,120000,120000,120000,120000,50000,120000,26033,44667,23450,32917,10000,10000,6500,9000,8000,15867,,,27667,29400,19333,22300,69400,129000,31200,34500,29400,20400,6167,10333,24400,16000,3000,,,
7/27/2023,14500,14500,11667,12833,9700,12750,13667,,11833,12833,11100,13000,11333,,,120000,120000,120000,120000,50000,120000,23933,44667,23500,33100,10000,10000,6500,9000,8000,14867,,,24333,25433,21600,22967,67533,130000,27700,33200,29100,20733,6220,10200,24000,16000,3000,,,
7/28/2023,14500,14500,11667,12833,9700,12750,13667,,11833,12833,11183,13000,11333,,,120000,120000,120000,120000,50000,120000,22917,44667,23750,33000,10000,10000,6500,9000,8000,14833,,,22583,23250,20667,23417,68500,130000,27750,32500,29250,20167,6500,10333,24000,16000,3000,,,
7/29/2023,14500,14500,11667,12833,9700,12750,13667,,11833,12833,11100,13000,11333,,,120000,120000,120000,120000,50000,120000,23400,44667,23450,33167,10000,10000,6500,9000,8000,14400,,,21667,22900,22867,27400,69667,130000,30800,36200,29900,18767,6167,10333,24000,16000,3000,,,
7/30/2023,14500,14500,11667,12833,9700,12480,13667,,11833,12700,11273,13000,11333,,,120000,120000,120000,120000,50000,120000,22500,44667,23340,33867,10000,10000,6500,9000,8000,14233,,,20800,23233,22400,26300,69533,130000,29100,34500,29800,20333,6167,10333,24000,16000,3000,,,
7/31/2023,14500,14500,11667,12833,9700,12750,13667,,11833,12700,11833,13000,11333,,,120000,120000,120000,120000,50000,120000,23600,44667,23200,33293,10000,10000,6500,9000,8000,14200,,,22300,23733,23633,27367,69400,130000,30100,35200,29900,20333,6167,10333,24133,16000,3000,,,
8/1/2023,14500,14500,11767,12833,9700,12750,13667,,11833,12633,11933,13000,11467,,,120000,120000,120000,120000,50000,120000,24267,44667,23320,33167,10000,10000,6500,9000,8000,15167,,,24400,24767,24900,26800,69533,130000,30800,35100,29900,20333,6167,10333,23933,15800,3000,,,
8/2/2023,14500,14500,11667,12833,9700,12750,13667,,11833,12533,12067,13000,11467,,,120000,120000,120000,120000,50000,120000,23933,44667,23600,33167,10000,10000,6500,9000,8000,15133,,,24333,24533,24400,27467,69267,130000,30700,35100,30000,20333,6167,10333,23867,15933,3000,,,
8/3/2023,14500,14500,11667,12833,9700,12750,13667,,11833,12500,12067,13000,11333,,,120000,120000,120000,120000,50000,120000,23333,44667,23500,33867,10000,10000,6500,9000,8000,18400,,,31633,24233,24167,26833,69000,130000,30700,35000,29800,20333,6167,10333,23733,16000,3000,,,
8/4/2023,14500,14500,11667,12833,9700,12750,13667,,11833,12500,12200,13133,11467,,,120000,120000,120000,120000,50000,120000,23867,44667,22900,33267,10000,10000,6500,9000,8000,20567,,,36733,25033,25133,26633,70333,130000,27000,36900,30000,20333,6167,10400,23733,15267,3000,,,
8/5/2023,14500,14500,11667,12833,9700,12750,13667,,11833,12500,12233,13167,11500,,,120000,120000,120000,120000,50000,120000,24133,44667,22500,33333,10000,10000,6500,9000,8000,22867,,,38100,23533,25400,26167,70333,130000,27600,36500,29900,20333,6167,10333,23667,15000,3000,,,
8/6/2023,14500,14500,11733,12833,9700,12750,13667,,11833,12500,12187,13167,11500,,,120000,120000,120000,120000,50000,120000,23933,44667,22500,33333,10000,10000,6500,9000,8000,21667,,,36667,24800,24633,25667,68600,130000,27200,36500,30000,20333,6167,10333,23667,15000,3000,,,
8/7/2023,14500,14500,11667,12833,9700,12750,13667,,11833,12500,12233,13167,11500,,,120000,120000,120000,120000,50000,120000,24778,44667,23000,33333,10000,10000,6500,9000,8000,20800,,,34058,24513,24631,26333,69556,130000,26833,36500,30000,20222,6167,10333,23667,15000,3000,,,
8/8/2023,14500,14500,11667,12833,9700,12750,13667,,11833,12500,12060,13167,11500,,,120000,120000,120000,120000,50000,120000,31067,44667,22700,34000,10000,10000,6500,9000,8000,20400,,,36667,26767,28433,27267,70333,130000,25875,36500,29700,20333,6167,10333,23667,15000,3000,,,
8/9/2023,14500,14500,11667,12833,9700,12750,13667,,11833,12500,11800,13100,11500,,,120000,120000,120000,120000,50000,120000,31467,44667,22700,34000,10000,10000,6500,9000,8000,20600,,,37867,27600,30267,27533,69800,130000,25500,36200,29600,20333,6167,10333,23667,15000,3000,,,
8/10/2023,14500,14500,11667,12833,9667,12750,13667,,11833,12500,11800,13000,11667,,,120000,120000,120000,120000,50000,120000,30200,44667,23420,34000,10000,10000,6500,9000,8000,20533,,,37667,29067,27467,27667,69933,130000,25500,34602,29800,20333,6167,10333,23800,15000,3000,,,
8/11/2023,14500,14500,11667,12833,9700,12750,13667,,11833,12500,11800,13000,11667,,,120000,120000,120000,120000,50000,120000,29867,44667,23500,34000,10000,10000,6500,9000,8000,20867,,,40300,29667,26867,27667,70200,130000,25500,36500,29300,20333,6167,10333,23667,15000,3000,,,
8/12/2023,14500,14500,11667,12833,9700,12750,13667,,11833,12500,11800,13000,11667,,,120000,120000,120000,120000,50000,120000,28867,44667,23500,34000,10000,10000,6500,9000,8000,22000,,,41733,30933,27100,27667,69800,130000,25500,36500,30000,20333,6167,10333,23667,15000,3000,,,
8/13/2023,14500,14250,11667,12833,9700,12750,13542,,11833,12500,11950,13000,11708,,,120000,120000,120000,120000,50000,120000,28250,44667,24675,34000,10000,10000,6500,9000,8000,22333,,,43333,33500,24417,27667,69667,130000,25500,36500,29875,20333,6167,10333,23167,15000,3000,,,
8/14/2023,14500,14250,11667,12833,9700,12750,13500,,11833,12500,11950,13000,11667,,,120000,120000,120000,120000,50000,120000,29867,45093,26520,34933,10000,10000,6500,9000,8000,22667,,,44667,33800,22333,27067,69800,130000,25500,36500,30000,20333,6167,10333,23000,15000,3000,,,
8/15/2023,14433,14125,11667,12833,9700,12750,13500,,11833,12500,11950,13000,11667,,,120000,120000,120000,120000,50000,120000,30000,46267,26940,34000,10000,10000,6500,9000,8000,23333,,,46300,36000,24444,27667,69533,130000,30133,34333,30000,20200,6167,10333,23000,15000,3000,,,
8/16/2023,14500,14250,11667,12833,9700,12750,13500,,11833,12500,11950,13000,11667,,,120000,120000,120000,120000,50000,120000,30778,45200,25600,34000,10000,14222,6500,8889,8000,26667,,,55000,47111,25167,28667,69667,130000,25500,36500,30000,20333,6167,10333,23000,15000,3000,,,
8/17/2023,14375,14467,11550,12975,9750,12333,13575,,11575,12650,12410,12975,11620,,,120000,120000,120000,120000,50000,120000,29850,47130,31993,32700,10000,10000,7867,9475,9125,22150,,,60950,63875,25175,26600,61750,126667,28500,39333,29200,18700,6825,7825,24000,18100,3000,,,
8/18/2023,14375,14467,11500,13000,9730,12333,13675,,11500,12625,12388,13000,11750,,,120000,120000,120000,120000,50000,120000,31450,47000,36450,32900,10000,10000,8000,9550,9125,20900,,,56725,63150,25650,27000,61500,102000,29900,39333,28250,18300,6625,7225,23400,17650,3000,,,
8/19/2023,14525,14500,11500,12975,9750,12333,13625,,11500,12625,12388,13000,11850,,,120000,120000,120000,120000,50000,120000,31800,47000,36550,32900,10000,10000,8000,9500,9125,21600,,,60550,64575,26275,27200,61500,102000,30000,37000,27750,19000,6625,7125,23450,17700,3000,,,
8/20/2023,14550,14667,11500,13000,9750,12333,13750,,11500,12625,12038,12675,11650,,,120000,120000,120000,120000,50000,120000,30150,46750,36550,32450,10000,10000,8000,9500,9150,19300,,,48450,60650,25800,26700,61500,102000,30000,37000,27850,19000,6625,7125,23500,18000,3000,,,
8/21/2023,14425,14500,11500,13000,9750,12333,13625,,11500,12625,12038,13250,12500,,,120000,120000,120000,120000,50000,120000,29000,46850,35020,32400,10000,10000,8000,9500,9125,19050,,,48250,57850,25225,27250,61500,102000,30000,37000,27750,19000,6625,7125,23250,17750,3000,,,
8/22/2023,14375,14500,11500,13000,9750,12333,13625,,11500,12625,12038,13250,12500,,,120000,120000,120000,120000,50000,120000,29100,46850,35500,32400,10000,9375,8000,9500,9125,21688,,,56556,56250,27063,28313,61500,102000,30000,37000,27875,19000,6625,7125,23250,17750,3000,,,
8/23/2023,14375,14500,11500,13000,9750,12400,13625,,11500,12625,12038,13250,12500,,,120000,120000,120000,120000,50000,120000,28650,46850,34800,32400,10000,10000,7467,9500,9125,18400,,,53875,55300,26875,27275,61500,102000,30000,37040,27850,19000,6725,7125,23500,18150,3000,,,
8/24/2023,14300,14500,11500,13000,9750,12333,13475,,11500,12700,12038,13250,12500,,,120000,120000,120000,120000,50000,120000,28050,46850,34800,32400,10000,10000,8000,9575,9125,17950,,,44800,47950,28800,27500,61500,102000,30000,37000,28000,18500,6625,7125,23400,18250,3000,,,
8/25/2023,14250,14500,11500,13000,9750,12667,13425,,11500,12750,12083,13250,12500,,,120000,120000,120000,120000,50000,120000,28500,46850,34950,32750,10000,10000,8000,9625,9125,19550,,,47300,50675,29100,27500,61200,102000,29850,36550,27700,19000,6625,7125,23200,18100,3000,,,
8/26/2023,14250,14500,11531,12984,9750,12667,13500,,11531,12750,12263,13250,12500,,,120000,120000,120000,120000,50000,120000,28650,46850,34500,32838,10000,10000,8000,9625,9125,19875,,,46638,47875,28675,27688,61000,102000,29813,36250,27563,19000,6625,7125,23000,17750,3000,,,
8/27/2023,14250,14500,11625,13000,9750,12667,13500,,11625,12750,12263,13375,12625,,,120000,120000,120000,120000,50000,120000,27750,46375,34450,31720,10000,10000,8000,9625,9125,20700,,,48950,41900,27125,27500,60550,102000,29800,36250,27850,19000,6625,7125,23100,17950,3000,,,
8/28/2023,14250,14500,11625,13000,9750,12667,13500,,11625,12650,12288,13500,12750,,,120000,112500,120000,120000,50000,120000,27175,45800,34300,32400,10000,10000,8000,9625,9125,20525,,,48000,39350,27813,28450,61000,102250,29875,36250,28250,19000,6625,7125,23250,18250,3000,,,
8/29/2023,14250,14500,11594,12969,9750,12667,13500,,11625,12625,12263,13500,12750,,,120000,120000,120000,120000,50000,120000,26938,45488,34300,32838,10000,10000,8000,9625,9125,20813,,,47938,39350,28219,28675,61125,102250,29875,36438,28250,19250,6625,7125,23250,18250,3000,,,
8/30/2023,14250,14500,11625,13000,9750,12667,13500,,11625,12625,12263,13500,12950,,,120000,121250,121250,121250,51250,121250,27950,46500,32980,32450,10000,10000,8000,9625,9125,21350,,,46550,42650,29550,28700,61500,102250,30000,37000,28250,19000,6625,7125,23500,18750,3000,,,
8/31/2023,14250,14500,11625,13000,9750,12700,13500,,11625,12625,12263,13700,13000,,,125333,126500,126500,126500,54500,126500,30850,46850,33560,32450,10000,10000,8000,9625,9125,20775,,,44625,39400,29650,28950,61500,102250,30000,37000,28250,19000,6625,7425,24400,18900,3000,,,
9/1/2023,14250,14500,11625,13000,9750,12667,13500,,11625,12625,12263,13750,13000,,,118000,127500,127500,127500,55000,127500,29050,46850,34220,32450,10000,10000,8000,9625,9125,18850,,,39300,37450,28700,28550,59900,101250,30750,37000,29000,19000,6625,8375,25750,19500,3000,,,
9/2/2023,14250,14500,11625,13000,9750,12667,13500,,11625,12625,12308,13750,13000,,,123333,125000,125000,125000,52500,125000,27600,46850,34250,32450,10000,9950,7467,9625,9125,18100,,,34200,34450,28750,28100,61000,102250,31250,37000,29500,19000,6625,8175,25800,19575,3000,,,
9/3/2023,14250,14500,12167,13000,10433,13000,12833,,11625,12875,11113,13625,12850,,,125000,121000,129000,131500,91563,129000,77888,91500,81600,64950,51500,44450,15000,24350,20650,20500,,,18913,22000,17725,17938,29650,73000,32200,34325,33250,80000,17750,20000,53438,27000,24000,,,
9/4/2023,14250,14500,12375,12625,11200,13000,12500,,11625,12875,11315,13775,12875,,,125000,121000,128500,131500,92250,130000,82150,95000,85100,66700,55000,47500,15667,24350,20650,20500,,,20000,22000,17500,18125,30375,73500,32750,34500,34000,80000,18250,20000,53500,27000,24000,,,
9/5/2023,14250,14467,12350,12500,11200,13000,12475,,11667,12833,11450,14000,13333,,,116000,121000,129000,132100,93250,130500,79600,92500,82600,65450,52500,44700,15600,24130,20640,20500,,,19850,21600,17500,18000,31375,74250,30700,33800,33250,80000,18250,20000,53500,27450,24000,,,
9/6/2023,14250,14333,12375,12500,11200,13000,12500,,11667,12833,12000,14000,13333,,,116000,121000,128250,132750,93750,131250,79500,92500,82600,65450,52500,44563,15533,24250,20610,20500,,,17925,19700,18000,18025,29250,73000,29700,31538,32500,80000,17850,20000,53500,27000,24000,,,
9/7/2023,14333,14417,12833,12389,11767,13000,12167,,9300,12500,12687,13867,13167,,,117475,120208,120217,120333,78750,106667,70900,45000,56167,22967,32667,11500,9000,9833,12583,12736,,,18500,24500,26167,29194,56361,62917,64417,31000,35167,38500,15708,12667,18250,20083,14500,,,
9/8/2023,14333,14500,12667,12333,11767,11600,10567,,10400,12500,12597,13800,13200,,,132500,130000,130000,130000,74000,106667,63200,36867,49000,18800,22667,10000,9000,8667,10133,13733,,,18533,26133,28133,31000,65333,62867,65000,34333,35467,8000,16167,11833,17833,18000,14500,,,
9/9/2023,14333,14500,12667,12333,11767,13000,12167,,10400,12500,12867,14200,13367,,,132500,130000,130000,130000,83333,106667,63667,36267,49000,18800,22667,10000,9000,8667,10167,14533,,,20267,26000,28733,31000,65000,62333,65000,34333,35333,8000,16167,11833,17833,18000,14500,,,
9/10/2023,14333,14500,12700,12333,11767,11600,11367,,10400,8993,12867,14417,13600,,,120000,121333,130000,121333,83333,106667,63467,36133,49000,18800,22667,10000,8000,8667,10167,14733,,,20667,25200,29733,30267,64933,62467,65000,34333,35133,8000,13633,11833,17833,18000,14500,,,
9/11/2023,14250,14333,12575,12650,11700,13000,12500,,10055,11750,12704,14034,13600,,,117680,118500,118400,130000,81643,112500,64857,44460,50950,28090,20740,13400,8667,9200,9425,12575,,,20721,26600,29550,29190,47450,78600,56550,44950,33850,24400,16575,9800,18175,19700,14500,,,
9/12/2023,14250,14333,12167,12900,10433,13000,12500,,11600,11600,11898,14300,13375,,,132000,135000,132500,130000,92000,112500,79250,49200,63850,30100,22600,18500,8667,9500,9125,10625,,,17000,26550,31100,28100,31750,77700,57000,59800,33650,32500,20750,10250,15625,19625,14500,,,
9/13/2023,14250,14333,12167,12875,10433,13000,12500,,11600,11600,12100,14500,13375,,,132000,135000,132500,130000,92500,112500,78800,48500,63850,29650,22600,19000,8667,9500,9125,10625,,,18000,27600,31300,29250,32000,77700,57000,59800,33500,32500,20550,10250,15625,19625,14500,,,
9/14/2023,14250,14333,12167,12875,10433,13000,12500,,11600,11600,12100,14500,13375,,,133000,135000,132500,130000,92500,112500,78688,48438,63850,29275,22600,19000,8667,9500,9125,10688,,,18938,29813,33875,30288,32375,77688,57250,60438,33500,32500,20438,10250,15625,19625,14500,,,
9/15/2023,14225,14300,12167,12900,10433,13000,12500,,11600,11600,12269,14625,13563,,,134667,135000,132500,130000,92500,112500,78281,48050,63850,29150,22600,19000,8667,9400,9125,10625,,,18344,27069,29806,26606,32850,78050,57000,59650,33500,32500,20900,10250,15438,19344,14500,,,
9/16/2023,14167,14000,12000,12333,10933,12500,12667,,10933,12500,13800,15333,14333,,,130000,130000,130000,130000,56667,130000,24733,44133,38800,27733,10000,10000,8000,9333,9333,15800,,,27067,31333,26667,29133,69333,93000,31667,34333,29333,19000,6167,10000,25000,16667,3000,,,
9/17/2023,14167,14000,12000,12333,10933,12500,12667,,10933,12500,13800,15333,14333,,,130000,130000,130000,130000,56667,130000,24600,44458,38800,27267,10000,10000,8000,9333,9333,15667,,,27133,31917,27333,29417,69333,93000,31667,34333,29333,19000,6333,10000,25000,16667,3000,,,
9/18/2023,14250,14125,12000,12417,10933,12625,12667,,10933,12500,13800,15333,14333,,,130000,130000,130000,130000,56667,130000,24533,44500,38800,27267,10000,10000,8000,9333,9333,15583,,,25217,31833,26333,29517,69333,93000,31667,34333,29333,19000,6167,10000,25000,16667,3000,,,
9/19/2023,14133,14000,12000,12333,10933,12500,12667,,10933,12500,13800,15333,14333,,,130000,130000,130000,130000,56667,130000,25167,43600,38800,27267,10000,10000,8000,9333,9333,15667,,,25667,31500,26517,29417,69333,93000,31667,34333,29400,19000,6167,10000,25450,16667,3000,,,
9/20/2023,14333,14500,12667,12500,11667,13500,12333,,10400,12500,13200,14667,14056,,,130000,130000,130000,130000,56667,130000,24844,43600,29733,36111,10000,10000,8000,9500,9833,15667,,,27867,34822,26667,29667,68000,96333,33667,37667,31333,19000,6167,10000,25333,18000,,,,
9/21/2023,14333,14450,12667,12500,11667,13500,12333,,10400,12500,13367,14667,14000,,,130000,130000,130000,130000,56667,130000,27467,42833,27733,35333,10000,10000,8000,9500,9833,15667,,,32467,35267,26733,29933,67667,96333,33333,37667,31000,19000,6167,10000,25333,18000,,,,
9/22/2023,14333,14500,12667,12500,11667,13500,12333,,10400,12500,13367,14667,14000,,,130000,130000,130000,130000,56667,130000,28200,43000,27733,35333,10000,10000,8000,9500,9833,15667,,,33267,35733,27933,30000,67667,96333,34000,37000,21667,19000,6167,10000,25333,18000,,,,
9/23/2023,14333,14475,12667,12500,11680,13500,12333,,10400,12500,13367,14667,14000,,,130000,130000,130000,130000,56667,130000,27667,42967,27733,35800,10000,10000,8000,9500,9833,16867,,,34467,36200,27000,30000,67667,96333,33333,37667,31000,19000,6167,10000,25333,18000,,,,
9/24/2023,14300,14450,12828,12500,11667,13500,12200,,10500,12500,13427,14667,14000,,,130000,130000,130000,130000,56667,130000,28133,42994,27733,35333,10000,10000,8000,9500,9900,17533,,,35278,36033,27267,29867,67667,96333,33333,37400,31000,19000,6167,10000,25333,18000,,,,
9/25/2023,14250,14333,12375,12525,11200,13000,12500,,10675,12500,14075,15000,14250,,,130000,130000,130000,130000,57500,130000,27500,46000,32800,32800,10000,9500,8000,10125,8375,11750,,,37300,37300,26800,25450,37750,127500,31000,38250,31250,29000,8000,2500,25500,24500,3000,,,
9/26/2023,14250,14333,12375,12500,11200,13000,12500,,10675,12500,14075,15000,14250,,,130000,130000,130000,130000,57500,130000,26900,45650,32640,32820,10000,9500,8000,10125,8375,11750,,,37750,38800,27200,25350,37750,127500,31500,37750,31250,29000,8000,2500,25500,24250,3000,,,
9/27/2023,14250,14333,12375,12500,11200,13000,12500,,10675,12500,15753,16438,15688,,,130000,130000,130000,130000,57500,130000,28625,45750,32000,31740,10000,9500,8000,10125,8438,12250,,,36625,37500,26000,25100,37750,127500,31000,38000,31250,29000,8000,2500,25750,23563,3000,,,
9/28/2023,14250,14333,12375,12500,11215,13000,12500,,10675,12500,15863,16500,15770,,,130000,130000,130000,130000,57500,130000,29250,45750,32000,31700,10000,9500,8000,10125,8375,12250,,,43500,36650,25000,24850,37750,127500,31000,38250,31250,29000,8000,2500,25750,23800,3000,,,
9/29/2023,14225,14300,12375,12500,11200,13000,12500,,10675,13000,14813,15875,16100,,,143333,137600,130000,130000,75000,130000,36850,64625,34780,33450,12300,19000,8667,10000,8000,11600,,,33075,28400,31000,27750,36000,101500,30950,59500,31250,29000,17250,10675,21000,18325,15000,,,
9/30/2023,14250,14333,12375,12525,11200,13000,12500,,10675,13000,14813,15875,16050,,,143333,139000,130000,130000,75000,130000,36250,64710,34210,33800,12300,19000,8667,10000,8000,11625,,,31975,28750,31400,28150,35400,101300,31000,59300,31250,29000,17250,10625,21000,18375,15000,,,
10/1/2023,14250,14333,12375,12500,11200,13000,12500,,10675,13000,14813,15875,16050,,,143333,139000,130000,130000,75000,130000,35450,64750,34350,33450,13100,19000,8667,10000,8000,11625,,,30025,26750,30300,27950,35250,101250,30950,59500,31250,29000,17250,10625,21000,18375,15000,,,
10/2/2023,14250,14333,12375,12500,11200,13000,12500,,10675,13000,14813,15875,16050,,,143333,137500,130000,130000,75000,130000,35750,65200,34700,33450,13000,19000,8667,10000,8000,11625,,,28425,26700,26900,29050,35250,101250,31100,59500,31050,29000,17250,10475,21000,18375,15000,,,
10/3/2023,14250,14333,12375,12500,11200,13000,12600,,10675,12700,15510,16075,16223,,,92480,101650,130000,130000,75000,130000,35850,70330,32160,34020,15740,13600,8267,10075,8475,11700,,,29350,31600,27600,28050,34450,101100,32200,61000,30950,31100,15000,9575,21300,18125,6900,,,
10/4/2023,14250,14333,12400,12500,11200,13000,12700,,10675,12467,16050,16075,16138,,,146667,140000,130000,130000,75000,130000,36200,73750,30500,34400,17500,10000,8000,10125,8625,11750,,,28900,34300,27050,28400,34600,101000,33100,62000,30700,32500,13500,8875,21500,18125,3000,,,
10/5/2023,14175,14333,12375,12525,11200,13000,12500,,10675,12500,16860,16725,16850,,,146667,140000,130000,130000,75000,130000,36250,73750,30700,34480,17500,10000,8000,10125,8625,11750,,,31600,36400,29150,29200,34750,101000,33250,62000,31000,32500,13500,8900,21500,18125,3000,,,
10/6/2023,14250,14333,12338,12500,11200,13000,12500,,10675,12750,15700,17125,17050,,,146667,140000,130000,130000,75000,130000,36250,73750,30700,35675,17500,10000,8000,10125,8625,11750,,,30800,36600,30150,29750,34450,101000,33250,61600,31000,32500,13500,8875,21500,18125,3000,,,
10/7/2023,14250,14333,12375,12500,11200,13000,12500,,10675,12500,17100,17125,17101,,,147333,140500,130000,130000,75000,130000,37175,73750,31840,35895,17500,10000,8000,10125,8625,11750,,,25813,37100,29175,30050,34500,101000,33250,62000,31000,32500,13500,8875,21500,18125,3000,,,
10/8/2023,14125,14325,11575,12900,9750,12688,13475,14000,11613,12500,16763,19000,17250,17000,,130000,130000,130000,130000,57250,130000,29900,55000,26400,48350,10000,10000,8000,10050,8550,12275,,,31600,47450,27400,26550,38550,125000,31500,38050,31467,30000,8000,2500,25950,22900,3000,,,
10/9/2023,14075,14375,11675,13000,9750,12800,13475,14000,11675,12775,16898,19333,17500,17400,,130000,130000,130000,130000,57000,130000,32050,55000,26080,48350,10000,10000,8000,10125,8875,12250,,,26850,45400,26500,26300,39600,125500,31250,37350,32467,30000,8000,2500,25700,23050,3000,,,
10/10/2023,14125,14375,11625,13000,9750,12750,13500,14000,11625,13550,17325,19533,18150,18000,,130000,130000,130000,130000,59000,130000,34400,55000,24720,48000,10000,10000,8000,10125,8875,12250,,,26850,46850,24850,25800,40000,128500,32650,38850,33333,30667,8000,2500,25200,23050,3000,,,
10/11/2023,14125,14375,11625,13000,9750,12750,13500,14000,11625,13625,17750,19133,16800,18000,,130000,130000,130000,130000,60000,130000,32050,55000,23115,48040,10000,10000,8000,10125,8875,12250,,,24850,45450,25200,25550,40000,130000,32500,38750,33333,30333,8000,2500,25150,23150,3000,,,
10/12/2023,13319,13538,11725,13000,9750,12850,13500,14400,11725,13825,16876,14000,14150,14800,,130000,130000,130000,130000,59375,130000,30963,55000,22253,47600,10000,10000,8000,10325,8875,12250,,,23500,46388,24538,25513,40000,132000,32875,39350,35417,30000,8375,2500,25375,23063,3000,,,
10/13/2023,14250,14500,11750,13000,9745,12875,13500,14500,11750,13875,16200,14000,14000,14000,,130000,130000,130000,130000,60000,130000,30100,55000,21050,47850,10000,10000,8000,10375,8875,12250,,,26700,40950,26800,25750,40000,132500,33250,39500,35333,30000,8150,2513,25825,23150,3000,,,
10/14/2023,14125,14375,11625,13000,9750,12750,13500,14000,11650,13500,16425,14000,14750,18000,,130000,130000,130000,130000,60000,130000,28950,52250,20355,48350,10000,10000,8000,10125,8875,12250,,,33850,40600,28050,25700,39900,130000,38200,38750,35000,30000,8200,2500,25850,23450,3000,,,
10/15/2023,14250,14500,11750,13000,9750,12875,13500,14500,11750,13750,15630,14000,14000,14000,,130000,130000,130000,130000,60000,130000,29400,55000,21925,47500,10000,10000,8000,10375,8875,12250,,,37000,39900,30800,25950,39900,132500,33250,39500,35000,30000,8400,2500,25950,23300,3000,,,
10/16/2023,14333,14500,11833,12833,9822,12833,13500,14500,11833,13667,15011,14000,14000,14000,,130000,130000,130000,130000,60000,130000,29333,55000,21873,47333,10000,10000,8000,10500,8833,12600,,,40533,39267,31556,26000,35556,130000,31667,37667,37500,29200,8667,2633,26000,22667,3000,,,
10/17/2023,14333,14500,11833,12833,9833,12833,13500,14500,11900,13700,13933,14000,14000,14000,,130000,130667,130667,130667,60000,130667,29800,55000,22453,47333,10000,10000,8000,10500,8833,12667,,,53733,44533,33133,25467,40000,130333,31667,37667,37500,29000,8667,2667,26000,22800,3000,,,
10/18/2023,14333,14500,11900,12833,9833,12833,13500,14500,11833,13750,14353,15000,14667,14000,,131500,131000,131000,131000,60667,131000,29800,55000,22600,47200,10000,10000,8000,10867,8767,12667,,,55467,44867,32867,25667,40000,130000,31667,37667,37500,29000,8667,2667,26000,22667,3000,,,
10/19/2023,14333,14500,11833,12833,9833,12833,13500,14500,11833,13833,18053,23700,23667,23600,,135000,133333,133333,133333,63333,133333,30000,55000,22600,47333,10000,10000,8000,11033,8833,12667,,,52867,41000,30933,25733,40000,130000,32000,37667,37500,29000,8667,2667,26000,22667,3000,,,
10/20/2023,14333,14500,11833,12833,9833,12833,13600,14500,11833,13833,19827,24500,24800,26000,,146000,141667,141667,141667,64667,141667,30600,55000,22600,47800,10000,10000,8000,11167,9100,12667,,,44467,39867,29200,26067,40533,130000,31667,37667,37500,29000,8667,2633,26000,22667,3000,,,
10/21/2023,14250,14500,11750,13000,9850,12875,13500,14500,11750,13950,19500,24000,24000,25000,,148667,147750,146750,146750,63500,146750,30800,55000,22950,47350,10000,10000,8000,11375,9275,12500,,,43600,39500,30500,26000,39800,132500,33100,39500,35000,29333,8500,2500,25750,23050,3000,,,
10/22/2023,14250,14500,11750,13000,9850,12875,13500,14500,11750,13875,17131,24000,23750,24000,,146250,144688,144688,144688,61875,144688,31250,55000,22794,47250,10000,10000,8000,11375,9313,12500,,,33875,35588,30438,26125,40000,132500,33125,39500,35000,29333,8500,2500,25750,23000,3000,,,
10/23/2023,14250,14500,11750,13025,9850,12875,13475,14500,11750,13875,14375,24000,23750,24000,,141667,141250,141250,141250,59500,141250,31300,55000,22325,46850,10000,10000,8000,11375,9275,12450,,,32600,34250,31650,27150,39900,132500,33250,39500,35867,29667,8500,2500,25250,23000,2867,,,
10/24/2023,14250,14344,11750,13000,9850,12875,13525,14500,11750,13875,14000,24000,23750,24000,,142333,141750,141750,141750,60000,141750,31500,55000,22565,46500,10000,10000,8000,11375,9275,12500,,,33375,33838,32450,27475,40000,132500,32875,39500,35000,29333,8500,2500,25250,23000,3000,,,
10/25/2023,14250,14250,11750,12750,9800,12750,13500,14500,11750,13750,15100,24000,23000,24000,,150000,150000,150000,150000,60000,150000,35167,55000,24800,49000,10000,10000,8000,11500,9000,12500,,,37500,46000,37500,28000,40000,130000,30000,36500,35000,30000,9000,2500,26167,22000,3000,,,
10/26/2023,14250,14500,11225,13000,9850,12875,13575,14500,11825,13875,14550,24000,23250,24000,,146667,147500,147500,147500,60000,147500,35050,55000,24200,48200,10000,10000,8000,11750,9500,12500,,,30250,42850,38500,26550,40250,132500,32750,38500,35000,30000,8500,2500,25000,23000,3000,,,
10/27/2023,14250,14500,11750,13000,9850,12875,13625,14500,11750,13875,14958,24000,23250,24000,,147083,147500,147500,147500,60000,147500,34075,55000,24338,48625,10000,10000,8000,11750,9500,12500,,,29500,40625,36375,26375,39563,132500,32875,38250,35000,30000,8500,2531,25000,23000,3000,,,
10/28/2023,14250,14500,11750,13000,9850,12875,13625,14500,11750,13875,15316,23500,22500,24000,,146667,147500,147500,147500,60000,147500,31813,55000,24700,47500,10000,10000,8000,11750,9500,12500,,,33925,45550,37625,26125,40313,132500,33063,39188,35000,30000,8500,2500,25000,22625,3000,,,
10/29/2023,14250,14500,11750,13000,9850,12875,13625,14500,11750,13875,15200,23333,22250,24000,,146667,147500,147500,147500,60000,147500,30750,55000,25125,48188,10125,10063,8000,11750,9500,12500,,,51938,55625,41000,25000,40813,132500,32500,39500,35000,30000,8500,2500,25000,22750,3000,,,
10/30/2023,14250,14500,11750,13000,9850,12875,13625,14500,11750,13875,15525,23333,22250,24000,,146667,147500,147500,147500,60000,147500,30283,55000,26105,47500,10500,10375,8000,11750,9600,12500,,,59300,56000,40067,25400,41250,132500,32750,39500,35000,30000,8500,2625,25000,23000,3000,,,
10/31/2023,14250,14500,11750,13000,9850,12875,13625,14500,11800,13875,15540,23333,22250,24000,,146667,147500,147500,147500,60000,147500,30083,55000,26100,47850,10500,10375,8000,11750,9575,12500,,,81917,58433,45183,25333,41850,132500,32850,40600,35000,30000,8500,2625,25000,22900,3000,,,
11/1/2023,14250,14500,11750,13000,9850,12875,13625,14500,11750,13875,15705,23400,21900,24000,,146333,147500,147500,147500,60000,147500,28950,55000,26440,47850,10950,10800,8000,11750,9575,12500,,,96000,60750,46800,25050,41500,132500,33050,40500,35000,30000,8500,2625,25000,23000,3000,,,
11/2/2023,14250,14500,11750,13000,9835,12875,13625,14500,11750,13875,15150,22267,20950,24000,,146667,145000,145000,145000,57500,145000,26950,55000,26150,48050,11000,10875,8000,11750,9500,12800,,,100000,60450,48900,24100,41850,132500,33550,39950,35000,31667,8500,2625,25000,23000,3000,,,
11/3/2023,14250,14500,11750,13000,9850,12875,13650,14500,11750,13875,14715,21367,20217,23667,,146667,145000,145000,145000,57500,145000,25683,54650,26400,47500,11000,10875,8000,11750,9500,13250,,,110050,71633,55783,21833,41550,132500,33600,40350,35000,31667,8600,2750,25000,23000,3000,,,
11/4/2023,14250,14500,11750,13000,9850,12875,13625,14500,11750,13875,14525,21333,19250,23000,,143000,142250,142500,142250,57250,142250,25750,55000,26400,47850,10988,10875,8000,11750,9575,13250,,,115500,87500,57550,21150,41400,132500,34200,40150,35000,31667,8500,2675,25000,23000,3000,,,
11/5/2023,14250,14500,11750,13000,9850,12875,13625,14500,11750,13875,14525,21333,18750,23000,,143333,142500,142500,142500,57500,142500,25000,55000,26400,49150,11000,10800,8000,11750,9575,13250,,,104000,85500,56750,21350,41250,133250,34550,40300,35000,31667,8500,2650,25000,23000,3000,,,
11/6/2023,14250,14500,11750,13000,9850,12875,13625,14500,11750,13875,13400,20333,18000,23000,,143333,142500,142500,142500,57500,135500,25780,54650,24720,46700,11000,10775,8000,11750,9575,13250,,,94500,79900,48300,20500,41250,132500,34900,40600,35000,31667,8500,2750,25000,23000,3000,,,
11/7/2023,14250,14500,11750,13000,9850,12875,13625,14500,11750,13875,13175,20267,17950,23000,,143333,142500,142500,142500,57500,142500,25250,55000,23440,46500,11000,10825,8000,11750,9825,13250,,,85500,65500,39900,20500,41250,132500,34900,40300,35000,31667,8500,2750,25000,23000,3000,,,
11/8/2023,14250,14500,11750,13000,9850,12875,13625,14500,11750,13950,13300,19333,17250,23000,,143333,142500,142500,142500,57500,142500,25000,55000,25030,47050,11000,11000,8000,12000,10500,13250,,,80900,65500,33250,20500,41250,127750,34500,40000,35000,31667,8500,2750,25000,23000,3000,,,
11/9/2023,14250,14500,11750,13000,9850,12875,13625,14500,11750,14000,13188,19333,16875,23000,,143333,142500,142500,142500,57500,142500,24850,55000,27263,47250,11000,11000,8000,12000,10438,13250,,,73313,58938,31000,20500,41313,132813,34313,39875,35000,31667,8000,2750,25438,23000,3000,,,
11/10/2023,14250,14500,11750,13000,9850,12875,13625,14500,11750,14000,13188,19333,16750,23000,,143333,142500,142500,142500,57500,142500,26350,55000,27725,47500,11000,11000,8000,12000,10350,13250,,,67000,55250,28300,19700,41250,132500,34500,39875,35800,31667,8500,2750,25500,23000,3000,,,
11/11/2023,14250,14500,11750,13000,9850,12875,13625,14500,11750,14000,13188,19333,16750,23000,,143333,142500,142500,142500,57500,142500,26750,55000,27725,47500,11000,11000,8000,12313,10500,13250,,,64875,56500,29500,19100,41250,128000,34500,40150,35000,31667,8500,2750,25500,23000,3000,,,
11/12/2023,14250,14500,11750,13000,9850,12875,13625,14500,11750,14000,13210,19333,16750,23000,,143333,142500,142500,142500,57000,142500,25600,54650,27868,47900,11000,10900,8000,12650,10950,13250,,,97688,56750,31550,20200,41250,132500,34500,40000,35000,31667,8500,2750,25500,23000,2750,,,
11/13/2023,14250,14500,11750,13000,9850,12063,13625,14500,11750,14000,13188,19333,16750,23000,,143333,142500,142500,142500,57000,142500,27325,55000,28107,48500,11000,11000,8000,12800,11000,13250,,,82513,60188,31963,20300,41250,132500,34500,39900,35000,31667,8500,2750,25500,23000,3000,,,
11/14/2023,14300,14213,13025,14150,9850,14275,14388,14500,13025,14000,13188,18000,16563,23000,,143333,142500,142500,142500,57500,142500,27350,55000,27067,48500,11125,11125,8000,12750,11000,13550,,,68900,56550,32050,22500,41250,132500,34500,40000,35000,31667,8500,2825,26750,23350,3000,,,
11/15/2023,15125,15250,13375,14525,9850,14600,14500,14500,13375,14000,12728,17333,16750,23000,,143333,142500,142500,142500,57500,142500,27060,55000,26917,47760,11125,11125,8125,12750,11000,13750,,,56400,46950,32000,21440,41000,132500,34700,40000,35000,31667,8500,2875,26750,23300,3000,,,
11/16/2023,15500,15500,13525,13500,9800,13500,14000,15500,13375,14000,12613,17333,16500,23000,14000,145000,142500,142500,142500,57500,142500,26000,55000,26295,49200,11125,11125,8000,12750,10800,13750,,,50350,46300,30475,21300,41250,133250,34700,40000,35000,31667,8500,2850,26750,23450,3000,,,
11/17/2023,16300,15500,13600,14500,9800,14500,15000,15500,13600,14000,12613,17333,16250,23000,14000,140000,142500,142500,142500,57500,142500,25850,55000,25370,47500,11125,11125,8000,12750,10650,13750,,,51875,46200,31700,21800,41250,133750,34200,40150,35000,31667,8000,2875,26750,23300,3000,,,
11/18/2023,16625,15500,13500,14500,8183,14500,15000,15500,13500,14000,12805,17200,16100,23000,14000,140000,142500,142500,142500,57500,142500,25200,55000,25190,47500,11108,11108,8000,12750,10750,13750,,,41950,40400,32200,23350,41250,130781,39150,40150,35000,31667,8500,2875,26750,21750,3000,,,
11/19/2023,15925,15500,13500,14500,9833,14500,15000,15500,13400,14000,12705,17333,15750,23000,14000,140000,142500,142500,142500,57500,142500,25550,55000,25350,47500,11125,11125,7500,12750,10750,13750,,,33638,34250,33500,22563,41100,133750,33700,40000,35000,31667,8500,2875,26750,23450,3000,,,
11/20/2023,15625,15500,13500,14500,9833,14500,15000,15500,13388,14000,12608,17333,15750,23000,14000,140000,142000,142500,142500,57500,142500,25500,54650,25400,47850,11225,11225,8000,12750,10775,13750,12000,,28850,32150,32150,22400,41250,133750,34350,40000,35000,31667,8500,2875,26750,23350,3000,,,
11/21/2023,15625,15500,13500,14100,9833,14100,14600,15500,13375,14000,12613,17333,15750,23000,14000,,142500,142500,142500,57500,142500,26200,55000,24990,47850,11125,11125,8000,12750,10750,13750,12000,,27350,30300,30750,22100,41100,133750,35300,40000,35000,31667,8500,2988,26650,23300,3000,,,
11/22/2023,15425,15500,13500,14000,9833,14000,14500,15500,13375,14000,12413,17333,15350,21800,14000,,142500,142500,142500,57500,142500,26750,55000,25590,47500,11125,11125,8000,12950,10950,13750,12000,,28450,32650,30950,22750,41250,133750,34550,40000,35000,31667,8500,2975,26650,23300,3000,,,
11/23/2023,15375,15500,13500,14000,9833,14000,14500,15500,13375,14000,12113,17333,14750,20000,14000,,142500,142500,142500,57500,142500,27550,55000,25750,47500,11125,11125,8000,13250,11250,13750,12000,,33950,34100,30000,22150,41250,133750,34500,40150,35000,31667,8500,2975,26250,23250,3000,,17000,
11/24/2023,15375,15500,13500,14000,9833,14000,14500,15500,13375,14000,12113,17333,14750,20000,14000,140000,142500,142500,142500,57500,142500,27300,54300,26065,47500,11125,11125,8000,13250,11250,13750,12000,,36450,32800,29600,20700,41100,133750,34500,39625,35800,32467,8500,3000,26250,23250,3000,,17000,
11/25/2023,15375,15500,13500,14000,9833,14000,14500,15500,13375,14000,12183,17333,14750,20000,14000,140000,142500,142500,142500,57500,142500,28750,55000,25220,47500,11125,10625,8000,13250,11250,13850,12000,,39750,38000,28800,20400,41250,133750,34350,39700,35000,31667,8500,3000,26250,22050,3000,,17000,
11/26/2023,15375,15500,13500,14000,9833,14000,14500,15500,13275,14000,12113,17833,15050,20000,14000,140000,142500,142500,142500,57000,142500,29550,55000,27575,47700,11125,11125,8000,13250,11250,14000,12000,,40750,36950,28600,20200,43250,133750,35150,40688,35800,31667,8500,3000,26250,23250,3000,,17000,
11/27/2023,15375,15500,13500,14000,9833,14000,14500,15500,13375,14000,12113,18167,15250,20000,14000,140000,142500,142500,142500,57500,142500,29500,55000,27325,48450,11125,11125,8000,13250,11250,14000,12000,,41650,40900,29800,20200,43650,133750,35800,40700,35000,31667,8500,2988,26250,23250,3000,,17000,
11/28/2023,15375,15500,13500,14000,9833,14000,14500,15500,13275,14000,12113,18167,15250,20000,14000,140000,142500,142500,142500,57500,142500,30750,54750,27575,48000,11125,11125,8000,13250,11250,13950,11800,,43150,43250,30000,19700,42500,133750,34800,39950,35000,31667,8500,3000,26250,23250,3000,,17000,
11/29/2023,15125,15500,13500,14000,9867,14000,14500,15500,13375,13650,13825,17667,14750,20000,14000,140000,142500,142500,142500,57500,142500,32150,55000,27575,49500,11025,11025,8000,13500,11500,14200,12000,12000,44000,44750,30800,20700,43350,133750,35850,39850,39333,34333,16500,4250,20500,23700,10000,13000,20000,93333
11/30/2023,15125,15500,13550,14000,9867,14000,14500,15500,13300,13650,13825,17500,14900,,15500,140000,142500,142500,142500,57500,142500,31700,55000,27900,48400,11200,11200,8000,13650,11500,14150,12000,12000,45300,51800,33200,22350,46250,133750,40200,43250,43333,38333,16500,4250,20350,23450,10000,13000,20000,100000
12/1/2023,15125,15500,13625,14000,9867,14000,14500,15500,13250,14160,14050,18300,15000,,15675,145000,142500,142500,142500,57500,142500,29750,54000,27875,48500,11250,11250,8000,13450,11500,14775,12000,12000,46300,49500,35250,24700,45000,133750,39583,42200,41667,38250,16500,4250,20250,23250,9467,13000,20000,80000
12/2/2023,15125,15500,13625,14000,9867,14000,14500,15500,13250,14256,14050,18500,15000,,15750,145000,142500,142500,142500,57500,142500,29100,53750,27975,48656,11375,11375,7438,13813,11813,15625,12000,12000,44413,49588,34450,24438,45000,133750,40625,43313,41667,37667,16500,4250,20250,23250,10000,13000,20000,80000
12/3/2023,15125,15500,13625,14000,9840,14000,14500,15500,13250,14350,14635,18500,15000,,15850,145000,142500,142500,142500,57500,142500,27650,55750,27845,49450,10875,11500,7250,13750,11750,15900,12000,4800,50100,50100,35700,25050,44600,133750,40000,42950,42200,37667,16500,4250,20250,23250,10000,13000,20000,80000
12/4/2023,15275,16100,13775,14900,9867,14900,15400,16100,13400,14350,15025,18500,15000,20000,14650,145000,142500,142500,142500,57500,142500,26900,56250,27800,48750,11800,11800,7250,13800,11800,15900,12000,,53350,45350,35600,24750,42900,133750,40300,44400,44333,37667,16600,4250,20250,23250,10000,13000,20000,80000
12/5/2023,15375,16500,13875,15500,9207,15500,16000,16500,13500,14350,15225,18500,15000,20000,14750,145000,142500,142500,142500,57500,142500,26000,56250,27635,49550,12000,12000,7250,13900,11900,16000,12000,,47650,44750,35900,25400,44000,133750,41500,44800,41667,37667,16500,4250,20100,23250,10000,13000,20000,80000
12/6/2023,15375,16500,13875,15500,9867,15500,16000,16500,13500,14350,15045,18500,15000,20000,14750,145000,142500,142500,142500,57500,142500,26200,55750,27775,48850,11900,11900,7250,13850,11850,16000,12000,,50625,46100,34650,25200,44400,131450,39500,45000,41667,37667,16500,4250,20250,23250,10000,13000,20000,80000
12/7/2023,15375,16500,13875,15500,8487,15500,16000,16500,13500,14350,14955,18500,15000,20000,14650,145000,142500,142500,142500,57500,142500,25800,56250,27430,49250,12000,12000,7250,14000,12200,16000,12000,7200,48750,45650,33600,25250,44500,133750,39500,44300,41667,37667,16500,4250,20175,23150,10200,13000,20000,80000
12/8/2023,15300,16200,12875,14600,9687,14600,15400,16200,13050,14150,14475,18500,15000,18800,14250,145000,142500,142500,142500,57500,142500,27050,56250,27060,49100,12000,12000,7250,14000,12850,16000,12000,12000,50050,45450,33800,25900,43150,133750,38550,41800,38667,34667,16000,4350,20175,23250,10133,13000,20000,80000
12/9/2023,15250,16000,13375,14000,9700,14000,15000,16000,12750,14100,14275,18500,15000,18000,14250,145000,142500,142500,142500,57500,142500,27200,56250,27765,49750,12000,12000,7250,14000,12950,16000,12000,12000,51150,45400,35650,29150,43450,133750,38250,42900,38333,34333,16500,4375,20250,23450,10000,13000,20000,80000
12/10/2023,15250,16000,13292,14000,9633,14000,15000,16000,12792,14100,14275,18500,15000,18000,14250,145000,142500,142500,142500,57500,142500,27250,56042,27692,49500,12000,12000,7250,14000,12792,16000,12000,12000,45933,40100,33367,28350,43250,133750,37417,42500,38333,34333,16500,4375,19583,23417,10000,13000,20000,80000
12/11/2023,15250,16000,13250,14000,9680,14000,15000,16000,12750,14100,14275,18500,15000,18000,14250,145000,142500,142500,142500,57500,142500,26550,56250,27725,49750,12000,12000,7250,14000,12875,16000,12000,12000,39400,36300,31350,27950,43250,133750,37750,42000,38333,34333,16500,4375,20250,23700,10000,13000,20000,80000
12/12/2023,15250,16000,13281,14000,9625,14000,15000,16000,12750,14100,14275,18500,15000,18000,14313,140000,140000,140000,140000,57500,140000,25650,55813,27725,49500,12000,12000,7250,14000,12875,16000,12000,12000,34263,33463,28600,26750,43250,133750,37688,42281,38333,34333,16500,4375,20250,23750,10000,13000,20000,80000
12/13/2023,15250,16000,13250,14000,9620,14000,15000,16000,12750,14100,14275,18500,15000,18000,14250,140000,140000,140000,140000,56500,140000,25200,56250,27725,50250,12000,12000,7250,14000,12875,16000,12000,12000,34100,33400,28450,26850,43250,133750,36600,40900,38333,34333,16500,4775,20250,24150,10000,13000,20000,80000
12/14/2023,15250,16000,13250,14000,9600,14000,15000,16000,12750,14100,14275,18500,15000,18000,14250,140000,140000,140000,140000,67500,140000,25500,56250,27725,49500,12000,12000,7250,14000,12875,16000,12000,12000,32975,32250,29350,26650,43250,133750,37750,42000,38333,34333,16750,4625,20250,24250,10667,13000,20000,80000
12/15/2023,15250,16000,13375,14000,9600,14000,15000,16000,12875,14100,14275,18500,15000,18000,14250,140000,140000,140000,140000,55833,140000,26671,56250,27725,49500,12000,12000,7250,14000,12750,16000,12000,12000,32838,33875,30342,28750,43250,133750,37833,42000,38333,34333,17000,4708,20500,24250,10667,13000,20000,80000
12/16/2023,15250,16000,13375,14000,9600,14000,15000,16000,12875,14100,14275,18500,15000,18000,14219,140000,140000,140000,140000,57500,140000,26000,55625,27725,49500,12000,12000,7250,14000,12750,16000,12000,12000,32646,34417,29229,27750,43250,133750,38625,39250,38333,34333,17375,5375,21250,24250,10667,13000,20000,80000
12/17/2023,15250,16000,13350,14000,9680,14000,15000,16000,12875,14100,14275,18500,15000,18000,14175,140000,140000,140000,140000,57500,140000,25788,56250,27725,49500,12000,12000,7250,14000,12750,16000,12000,12000,32138,33638,32425,27650,43250,133750,38700,42500,38333,34333,17500,4875,20625,24250,10533,13000,20000,80000
12/18/2023,15250,16000,13375,14000,9600,14000,15000,16000,12875,14100,14275,18667,15000,18000,14219,140000,140000,140000,140000,57500,140000,29575,56250,27725,50125,12000,12000,7250,14000,12750,16000,12000,12000,30950,32025,32125,30813,43250,133750,39000,42438,38333,34333,17500,5375,20625,24250,10667,13500,20000,80000
12/19/2023,15175,16000,13375,14000,9600,14000,15000,16000,12875,14100,14275,18500,15000,18000,14250,140000,140000,140000,140000,57500,140000,31013,56250,28365,51000,12000,12000,7250,14000,12750,16000,12000,12000,30775,34050,30425,32325,43250,133750,39000,42500,38333,34333,17500,4575,20625,24250,10667,15000,20000,80000
12/20/2023,15250,16000,13375,14000,9600,14000,15000,16000,12875,14100,14275,18500,15000,18000,14250,140000,140000,140000,140000,57500,140000,31750,56250,29067,50750,12000,12000,7250,14000,12750,16000,12000,12000,31933,35033,30300,32983,43250,133750,39000,42333,38333,34333,17500,4375,20625,24250,10667,15000,20000,80000
12/21/2023,15250,16000,13375,14000,9600,14000,15000,16000,12875,14350,14275,18500,15000,18000,14250,140000,140000,140000,140000,57500,140000,32800,55900,29067,51250,12000,12000,7750,14000,12750,16000,12000,12000,30150,35450,31900,33350,43100,133750,38550,42500,38200,34333,17400,4375,20625,24250,10667,15000,20000,80000
12/22/2023,15250,16000,13375,14000,9600,14000,15000,16000,12875,14350,14275,18500,15100,18000,14250,140000,140000,140000,140000,57500,140000,33000,56250,29067,50750,12000,12000,7750,14000,12750,16000,12000,12000,29850,34950,32500,33500,43250,133750,39250,42400,38333,34333,17500,4375,20625,24250,10667,15000,20000,80000
12/23/2023,15250,16000,13375,14000,9600,14000,15000,16000,12875,14350,14275,18500,15150,18000,14250,140000,140000,140000,140000,57500,140000,31450,56250,29067,51000,12000,12000,7750,14000,12750,16000,12000,12000,31000,34600,33750,33750,42850,133750,39000,42500,38333,34333,17300,4575,20625,24250,10667,15000,20000,80000
12/24/2023,15250,16000,13375,14000,9600,14000,15000,16000,12875,14350,14275,18500,15000,18000,14250,140000,140000,122500,140000,67500,140000,31050,56250,29067,50750,12000,12000,7750,14000,12750,16000,12000,12000,30375,35225,34250,33600,43250,133750,39000,42500,38333,34333,17500,4375,20625,23750,10000,15000,20000,80000
12/25/2023,15250,16000,13413,14000,9600,14000,15000,16000,12875,14215,14275,18500,15000,18000,14050,140000,140000,140000,140000,57500,140000,44521,55750,29067,50500,12000,12000,8000,14000,12750,16000,12000,12000,43850,45450,38000,42150,43250,133750,39000,42400,38333,34333,17500,5375,20675,24450,10667,15000,20000,80000
12/26/2023,15200,16000,13375,14000,9600,14000,15000,16000,12875,14125,14275,18500,15000,18000,14000,140000,140000,140000,140000,57500,140000,42542,55750,29067,50000,12000,12000,8000,14000,12750,16000,12000,11600,40100,43350,36950,43050,43250,133750,39000,42500,38333,34333,17500,5375,20625,24250,10667,15000,20000,80000
12/27/2023,15250,16000,13375,14000,9600,14000,15000,16000,12875,14181,14275,18500,15000,18000,14125,124250,140000,140000,140000,57500,140000,41483,55625,29067,50000,12000,12000,8000,14000,12750,16000,12000,12000,37863,39375,35100,42100,43250,133750,39000,42375,38333,34333,17500,5375,20625,24250,10667,15000,20000,80000
12/28/2023,15250,16000,13400,14000,9600,14000,15000,16000,12875,14125,14275,18500,15000,18000,14200,140000,140000,140000,140000,57500,140000,39431,55750,29067,50000,12000,12000,8000,14000,12750,16000,12000,12000,35650,37350,33450,38750,40850,133750,39000,42500,38333,34333,17500,5375,20625,24150,10800,15000,20000,80000
12/29/2023,14867,,13500,,9600,,,,13167,14133,15033,18500,15333,,14000,140000,140000,140000,140000,60000,140000,37295,56667,28729,50000,12133,12133,8000,,13267,16333,12000,12000,35400,38600,31933,37400,42533,135000,39133,41667,38200,36500,20667,6033,18833,25000,14500,15000,20000,80000
12/30/2023,15000,,13500,,9600,,,,13167,14167,15033,18500,15333,,14067,140000,140000,140000,140000,60000,134667,33480,56667,28622,50667,12167,12167,8000,,13333,16333,12000,12000,32733,39467,30200,37133,42200,135000,40200,41267,38067,36500,19733,6033,18833,25000,14500,15000,20000,80000
12/31/2023,15000,,13542,,9600,,,,13167,14167,15033,18500,15250,,13958,140000,140000,140000,140000,61667,140000,35450,56667,28622,50000,12167,12167,8000,,13333,16333,12375,12000,40333,41417,29667,37333,42167,135000,38750,41000,38333,36500,20000,6000,18833,25000,14500,15000,20000,80000
1/1/2024,15000,,13542,,9600,,,,13125,14167,15033,18500,15333,,14250,140000,140000,140000,140000,60000,140000,40086,56667,28622,50000,12167,12167,8000,,13333,16333,12000,12000,54583,42750,28917,35833,42417,135000,40083,40250,38333,36500,20000,6000,18833,25000,14500,15000,20000,80000